Facebook page .. seen ..ğŸ‘‘ funny videos ğŸ‘‘ funny photos ğŸ‘‘ text on Facebook and on instagram,47,6127,following,0,True,Local Events,None,None,False,False,seen_official_page,None,11
"ğŸ§®ğŸª” ÛŒØ§Ø±Ø²Ø§Ù‚ ğŸª”ğŸ§®
ğŸ  #Ø³Ø§ÙˆÙ‡
Ø±ÙˆØ­ Ù…Ø§Ø¯Ø±ÙˆØ¯Ø§Ø´Ù… Ùˆ Ø§Ø¨ÙˆÙ„ÛŒ Ø´Ø§Ø¯ 
#Ø¹Ø·Ø§Ø±ÛŒ #saveh #Ø³Ø§ÙˆÙ‡ #Ø³Ø§ÙˆÙ‡Ø§ÛŒÙ‡Ø§ #Ù‚Ù…
ğŸ©ºØ³Ø§ÙˆÙ‡ Ø® Ø´Ù‡ÛŒØ¯ Ø¢ÙˆÛŒÙ†ÛŒ.Ø§Ù†ØªÙ‡Ø§ÛŒ Ø¢ÙˆÛŒÙ†ÛŒ Ûµ Ù†Ø¨Ø´ Ù…Ø§Ù„Ú© Ø§Ø´ØªØ± Û² Ø¹Ø·Ø§Ø±ÛŒ Ø§Ø³Ù¾Ù†Ø¯ğŸ©º",26850,5054,ğŸ©ºğŸ’±Ø¹Ø·Ø§Ø±ÛŒ Ø§Ø³Ù¾Ù†Ø¯ğŸ’±ğŸ©º,72,True,Personal Goods & General Merchandise Stores,None,Ğ—Ğ´Ğ¾Ñ€Ğ¾Ğ²ÑŒĞµ/ĞºÑ€Ğ°ÑĞ¾Ñ‚Ğ°,False,False,hojjat_vosugh,None,6
"Ğ”ĞµÑ‚ÑĞºĞ¸Ğµ Ğ½Ğ¾Ğ²Ğ¾Ğ³Ğ¾Ğ´Ğ½Ğ¸Ğµ ÑƒÑ‚Ñ€ĞµĞ½Ğ½Ğ¸ĞºĞ¸ â˜ƒï¸ğŸ„ğŸ…
Ğ”Ğ½Ğ¸ Ñ€Ğ¾Ğ¶Ğ´ĞµĞ½Ğ¸Ñ ğŸ‚ğŸğŸ­
Ğ¡Ğ²Ğ°Ğ´ÑŒĞ±Ñ‹ Ğ¸ ĞºĞ¾Ñ€Ğ¿Ğ¾Ñ€Ğ°Ñ‚Ğ¸Ğ²Ñ‹ ğŸ’ƒğŸ•º
ĞšĞ¸ĞµĞ²ğŸ“
Ğ—Ğ²Ğ¾Ğ½Ğ¸Ñ‚Ğµ (067) 366-11-11 
Ğ¸Ğ»Ğ¸ Ğ¿Ğ¸ÑˆĞ¸Ñ‚Ğµ Ğ² Direct â¬‡ï¸",2318,0,ĞŸÑ€Ğ¾Ñ„ĞµÑÑĞ¸Ğ¾Ğ½Ğ°Ğ»ÑŒĞ½Ğ°Ñ Ğ’Ğ¸Ğ´ĞµĞ¾ÑÑŠĞµĞ¼ĞºĞ° ğŸ¬,2,True,Personal Goods & General Merchandise Stores,None,Ğ¢Ğ¾Ğ²Ğ°Ñ€/ÑƒÑĞ»ÑƒĞ³Ğ°,False,False,boykoprod,None,25
"ğŸ‘‘ğŸ‘‘ğŸ”µ
V.I.P Account Â© â–ˆâ•‘â–Œâ”‚â–ˆâ”‚â•‘â–Œ",138,6868,,0,True,Creators & Celebrities,None,None,False,False,bhai_for_bhai,None,0
,66,6105,fellolipe_hs,0,False,None,None,None,False,False,fellolipe_hs,None,0
,195,6543,Olivia,0,False,None,None,None,False,False,olivia_turkiye_,None,59
"ğŸ‡¹ğŸ‡·Yasal bahis danÄ±sÌ§manlÄ±gÌ†Ä±
|ResmiÌ‚ hesap ğŸ“²",4897,5208,Ayca Gungor,5,True,Home Services,None,ĞœĞµÑÑ‚Ğ½Ñ‹Ğµ ÑƒÑĞ»ÑƒĞ³Ğ¸,False,False,aycagungorofficial,None,23
"Servicio de drones para cualquier trabajo d ingenieriağŸ“Š Eventos y fiestasğŸ™Œ
Para mayor informacion  whasaptğŸ“±ğŸ“²
â„¹
+58 4124002798â„¹",4147,6097,ğŸš©âš âš DRONES/FOTOS  VENEZUELAâš âš ,0,False,None,None,None,False,False,venezuela_odjn,None,242
,457,73,P,0,False,None,None,None,False,False,patimat5491,None,138
â¤ï¸âš½,38,29,mahtop1gg,0,False,None,None,None,False,False,mahtop1gg,None,3
"â— Azerbaycan, Baku â—
â–¼
â—17 y.o...â—
â–¼
â—ĞĞ½Ğ»Ğ°Ğ¹Ğ½-Ğ¢Ñ€ĞµĞ½ĞµÑ€â—
â—ĞĞ½Ğ»Ğ°Ğ¹Ğ½~ĞŸÑĞ¸Ñ…Ğ¾Ğ»Ğ¾Ğ³â—
     â–¼
     â—â—‹ĞĞµ ÑƒĞ±Ğ¸Ğ² Ğ² ÑĞµĞ±Ğµ Ğ»ĞµĞ½ÑŒ, Ğ¼ĞµÑ‡Ñ‚Ñƒ Ğ½Ğµ Ğ´Ğ¾ÑÑ‚Ğ¸Ñ‡ÑŒâ—‹â—",1775,558,- R U S L a N .,4,False,None,None,None,False,False,20.en._.ru.02,None,12
"ğŸ˜DaShiNg BOyğŸ˜
ğŸ˜Happy LiFeğŸ˜˜
ğŸ™„15 saal Da GabRuâ˜º
ğŸ˜˜shOnkY gAnyAn dAğŸ˜˜ğŸ˜˜",283,62,Ch.Tayyab,1,False,None,None,None,False,False,mr_tayyab08,None,3
Happiness is in the small things ğŸ‘½,35,2185,1995 ğŸŒ¹,0,False,None,None,None,False,False,v_i_b_e_s_95,None,6
ğŸ‡®ğŸ‡¶,40,205,Ø§Ù„Ø¨ØºØ¯Ø§Ø¯ÙŠØ©ğŸ’“,0,False,None,None,None,False,False,meshome98,None,4
No existe el todo bien,804,322,F,3,False,None,None,None,False,False,nandolop.ez,None,2
,11,4,daniel anderson,0,False,None,None,None,False,False,daniel_dala22,None,1
,4,0,dhy2egbg,0,False,None,None,None,False,False,dhy2egbg,None,0
,51,12,yooyo,0,False,None,None,None,False,False,zzoozaa556,None,0
,53,4952,Ä·Ä‘_Ä·Ã¯_prÃ¯Å†Ã§Ã«ÅŸÅŸ,0,False,None,None,None,False,False,kd_ki_princess,None,2
,46,0,ØªØ®Ù„ÙŠÙ†ÙŠ,0,False,None,None,None,False,False,oomnll,None,0
,343,5100,mr faizu ali khan,0,False,None,None,None,False,False,mrfaizualikhan,None,0
,31,2664,,0,False,None,None,None,False,False,bhumika_singh_10,None,0
"ğŸ—news in tempo reale
ğŸ“dal 1932 un amore infinito
ğŸ™non perderti nulla della tua squadra del cuore!",1035,368,LATINA CREW ON AIRğŸ–¤ğŸ’™,3,True,Local Events,None,Ğ›ÑĞ±Ğ¸Ñ‚ĞµĞ»ÑŒÑĞºĞ°Ñ ÑĞ¿Ğ¾Ñ€Ñ‚Ğ¸Ğ²Ğ½Ğ°Ñ ĞºĞ¾Ğ¼Ğ°Ğ½Ğ´Ğ°,False,False,latinacrewofficial,None,17
,21,18,Shubham ğŸ¦ ,0,False,None,None,Ğ¡Ğ°Ğ¹Ñ‚Ñ‹ Ğ¸ Ğ±Ğ»Ğ¾Ğ³Ğ¸,False,False,booommm_booommmmm,None,0
"â™¡
Real Account 
ğŸ’Œfb :Tita Nursolihah
ğŸ’Œonlineshop fb :TitaNur
ğŸ’ŒE-mail :titanursolihah340@gmail.com",827,369,Tita Nursolihah,9,False,None,None,None,False,False,t_nursolihah14,None,64
E N G I N E E R I N G,721,188,Arsbay,11,False,None,None,Ğ“ĞµĞ¹Ğ¼ĞµÑ€,False,False,ars.bay_,None,1
,305,58,,6,False,None,None,None,False,False,d.eng21_,None,0
Jalne walon ğŸ˜¬ğŸ˜¬ğŸ˜¬ ke ğŸ˜˜ğŸ˜˜ğŸ˜˜ğŸ˜˜ liye love you ğŸ™ğŸ™ğŸ™ğŸ™ Kay bolti public syi he na bhai,3232,2344,mosinshk,2,True,Creators & Celebrities,None,Ğ›Ğ¸Ñ‡Ğ½Ñ‹Ğ¹ Ğ±Ğ»Ğ¾Ğ³,False,False,mosinshk_04,None,0
"khordadğŸ‚
ğŸ¡ city ????
my love music ğŸ¶
Tehran Olympic ğŸˆ
love ğŸ’ ??",272,7,diana ğŸ‘¯,0,False,None,None,None,True,False,__.diana._xx,None,1
,128,6267,toma mohamed,0,False,None,None,None,False,False,toma_.mohamed,None,0
,1724,1895,Ali Mehdiyev,1,True,Creators & Celebrities,None,ĞŸÑƒĞ±Ğ»Ğ¸Ñ‡Ğ½Ğ°Ñ Ğ»Ğ¸Ñ‡Ğ½Ğ¾ÑÑ‚ÑŒ,False,False,mehdiyev._e,None,26
,77,6702,model photography,0,False,None,None,None,False,False,model_photography_085,None,22
,64,187,islamovğŸ’¦,0,False,None,None,None,True,False,mustafa_islamovv,None,6
,25,1970,Ğ¡ĞµÑ€Ğ³ĞµĞ¹ Ğ›Ğ°Ğ·ÑƒÑ€ĞµĞ²,0,False,None,None,None,False,False,serg3876_,None,0
,74,6154,Mohammad Waseem,0,False,None,None,None,False,False,waseem3r,None,4
,85,6216,mmd_pr,0,False,None,None,None,False,False,mmdnt55,None,4
,32,6250,cuteboy,0,False,None,None,None,False,False,mohammadtabu066,None,0
"Antalya ğŸ‡¹ğŸ‡·
Almanya ğŸ‡©ğŸ‡ª
Modelling 
StÃ¼dy
Universitat Mathe ğŸ“’
Universite MatematikğŸ“‘",432,1866,Berk  BeCk,0,False,None,None,None,True,False,whitebeck7,None,40
@tugrulaks1453,44,6200,tugrul_60,0,False,None,None,None,True,False,tugrulaks60,None,17
"KAZANMAK Ä°STÄ°YORSAN YOLU TAKÄ°P ET âš ï¸
TAKÄ°P ET KAZAN 
YORUMLA BUTUN FOTOLARÄ° ANÄ°NDA +100
UNF YAPMA ğŸš«",690,6491,takipci kazan,0,False,None,None,None,False,False,takipci_kazan5944,None,1
,185,5321,jshdhdjd,5,False,None,None,None,False,False,jshsjshdvxb,None,0
https://www.youtube.com/channel/UC8iawzIbg6Xcwza7aw6L0dg,122,6189,Ø¨Ø¯Ø± Ø§Ù„Ù‡Ø§Ù…Ù„ÙŠ,0,False,None,None,None,False,False,lhmly919,None,28
,127,5328,emredumanli21,0,False,None,None,None,False,False,emre_dumanli21,None,31
"â£ï¸AynÄ± gÃ¼n kargo
â£ï¸Ã–demeler havale/EFT
â£ï¸7/24 DM sipariÅŸ
â£ï¸Hijyen gereÄŸi deÄŸiÅŸim iade yoktur.",678,6123,â£ï¸Fantazi Shopâ£ï¸Ä°Ã§ Giyimâ£ï¸,2,True,Personal Goods & General Merchandise Stores,None,Ğ¢Ğ¾Ğ²Ğ°Ñ€/ÑƒÑĞ»ÑƒĞ³Ğ°,False,False,fantazi.shop,None,34
NO TODO LO K BRILLA ES ORO,110,6213,leila ramirez sanchez,0,False,None,None,None,False,False,leila.ramirez.sanchez,None,4
,83,6932,ğŸ’Ÿcansu___can_ğŸ’Œ,1,False,None,None,None,False,False,c_a_n_s_u_01,None,13
,58,1689,lina,0,False,None,None,None,False,False,lina123cirebon,None,0
"Åiirler ""dinlenmeli"" gÃ¼zel gÃ¶nÃ¼llerde...",592,6172,Hane-i Åiir,0,False,None,None,None,False,False,l.siirhane.l,None,10
"Sehife yenidir.. ğŸ˜‹
Destek olaq.. ğŸ’ª
Ad1000 : ğŸ˜ğŸ˜
Ad1000 : ğŸ¤©ğŸ˜
#Gadan #alm ğŸ˜Š",73,4625,Ganja State University,0,True,Professional Services,None,Ğ’ÑƒĞ·Ñ‹,False,False,gdu_kavkaz,None,0
,39,3574,biqqbOs,0,False,None,None,None,False,False,biqgboss,None,0
"ğŸ’¥De sevilla, los palacioss ğŸ’¥",174,0,,0,False,None,None,None,False,False,ibeztial_allian,None,0
,61,5128,back,1,False,None,None,None,False,False,yuvraj_darbar_1_,None,3
,888,6002,ğŸ‡µ ğŸ‡· ğŸ‡® ğŸ‡³ ğŸ‡¨ ğŸ‡ª ğŸ‡¸ ğŸ‡¸ ğŸğŸ,0,True,Creators & Celebrities,None,Ğ›Ğ¸Ñ‡Ğ½Ñ‹Ğ¹ Ğ±Ğ»Ğ¾Ğ³,False,False,ms_khushi_1,None,41
"ğŸŒLanded on 11th may
ğŸ‘‰Man Wid Dreams
ğŸ˜¡Anger management '0'
â¤ ÃŸÃŒÃ‘ÄÄ¹Ãˆ
â˜ Own rulzâ˜ 
âš½ğŸ¾ğŸ€Sports man
ğŸÄÃ™Ä¶Ãˆ Ä¹Ã’VÃˆÅ”
ğŸ¤™ğŸ¤™Vijay Devarakonda ğŸ¤™ğŸ¤™",616,4201,âœ–âœ– ÅšÃÃ‘Å¤Ã’ÅšH âœ–âœ–,19,True,General Interest,None,None,False,False,itz_santosh_,None,36
"ğŸ‘‘ğŸ‘‘ GALATASARAYğŸ‘‘ğŸ‘‘
ğŸ‘‘ğŸ‘‘ YENÄ° HESAPğŸ‘‘ğŸ‘‘",39,3277,ğŸ‘‘ğŸ‘‘ GALATASARAYğŸ‘‘ğŸ‘‘,0,False,None,None,None,False,False,galatasaray_1905_alisamiyennn,None,18
,52,4800,lÃ¼tfÃ¼ palabÄ±yÄ±k,0,False,None,None,None,False,False,palabiyiklutfu,None,0
,178,5548,Enes bingÃ¶l,0,False,None,None,None,True,False,enesxbngl13,None,1
,585,6132,,0,True,None,None,None,False,False,kapusuj,None,31
"ğŸ”´Ğ¡Ğ¾Ñ‚Ñ€ÑƒĞ´Ğ½Ğ¸Ñ‡ĞµÑÑ‚Ğ²Ğ° Ğ² DirectğŸ“©
ğŸ”´ğŸ‘‡ĞŸĞĞ”ĞŸĞ˜Ğ¨Ğ˜Ğ¡Ğ¬ğŸ‘‡ğŸ¤£",91372,30,Agilios | Ğ®Ğ¼Ğ¾Ñ€ | Ğ’Ğ°Ğ¹Ğ½,3,False,None,None,None,False,False,agilios_,None,91
"Call Me HOM
From Surabaya to Arabia
Beat RiderğŸ›µ",289,136,Rizky Indra Kurnia,0,False,None,None,None,True,False,rizkyhom,None,3
,173,5102,nananana,0,False,None,None,None,False,False,nananana844,None,24
,7,0,sana khan,0,False,None,None,None,False,False,mis_sana_55,None,0
,179,6051,Nm21s,0,False,None,None,None,False,False,nm21s,None,0
,31,55,ALIENå½¡HITMAN,0,False,None,None,None,False,False,hitman_on_insta,None,4
,59,6506,Ankuu,0,False,None,None,None,False,False,ankuuu786,None,5
,37,777,dfjfsy,0,False,None,None,None,False,False,dfjfsy,None,0
"ğŸ“· #sonya7iii
ğŸ“· photographer / videographer
ğŸ“Œ relevant in the / Czech Republic
ğŸ“¨ contact for any reason / direct or email
ğŸ‘¨ğŸ¼â€ğŸ’» my @alexanderpanferov",796,553,Alexander photo,0,True,Creators & Celebrities,None,Ğ¤Ğ¾Ñ‚Ğ¾Ğ³Ñ€Ğ°Ñ„,False,False,vlog_alexander,None,11
"â™¡à©´ à¨¨à¨¿à¨°à¨­à¨‰ â™¡ à¨¨à¨¿à¨°à¨µà©ˆà¨°à© à©´
Â  â™¡ TU MERA RAKHA SABNI THAI
 â™¡Â Bathinda
 â™¡Â à¨¬à©‡à¨¬à©‡ + à¨¬à¨¾à¨ªà©‚ = à¨°à©±à¨¬Â  Â 
â™¡SINGLE ğŸ’¯
â™¡ Last name is '""KHOKHAR""'Â  that's enough",301,192,à¨œà¨¸à¨ªà¨¿à©°à¨¦à¨° à¨¸à¨¿à©°à¨˜,0,False,None,None,None,True,False,jaspinder_1996,None,33
,26,602,arunima menon,0,False,None,None,None,False,False,arunima4059,None,4
"â–ªï¸10/04/96â–ªï¸
âš¡×©×œ××§×•×ªâš¡
160 BPM â¬†ï¸â™¥ï¸",593,711,Vlados ğŸ‘½,3,False,None,None,Ğ ĞµĞ´Ğ°ĞºÑ‚Ğ¾Ñ€,False,False,vlad.fractal,None,46
"+ WMK ğŸ™ğŸ™‡ğŸ¼
MuNda iphoNe vrGağŸ˜ğŸ˜
AMbeRsaRiyaa pb02 vAlağŸ‘ˆ
     ğŸ” YouTube ID ğŸ¥
              ğŸ‘‡ğŸ‘‡ğŸ‘‡",2077,6470,,0,True,General Interest,None,Ğ”Ğ»Ñ Ñ€Ğ°Ğ·Ğ²Ğ»ĞµÑ‡ĞµĞ½Ğ¸Ñ,False,False,top_models_jattwaad,None,1
,930,699,Daviid Asp,0,False,None,None,None,False,False,daviid_asp9,None,1
,42,0,.,0,False,None,None,None,False,False,reiseyw,None,0
"I don't do bio.... I teach Chem.....
I fuck you once..... You end up on a wheelchair
   Yam size thing....
 For freeâ™¿â™¿â™¿â™¿â™¿â™¿â™¿â™¿â™¿",515,3253,Hamzakinâ˜£ï¸â˜£ï¸ğŸ”µ,0,False,None,None,None,False,False,hamzakin_tafa,None,0
,96,5997,,0,False,None,None,None,False,False,amirhossin.prin11,None,22
,20,2,mohascam,0,False,None,None,None,False,False,mohascam,None,1
,33,3229,Ã¸sÃŸÃ mÃ .matarr,0,False,None,None,None,False,False,osssama.matarr,None,0
,43,3936,Unknown baby,0,False,None,None,None,False,False,unknownbaby190,None,4
,29,6806,vayyari,0,False,None,None,None,False,False,vayyari,None,1
4CQVYK,823,785,,1,True,Content & Apps,None,Ğ’Ğ¸Ğ´ĞµĞ¾Ğ¸Ğ³Ñ€Ğ°,False,False,fortplayernoobz,None,0
"Slr, lagi ngeliatin monyet baca bio gue",861,650,AREMANITA LAMPUNGALAM,3,False,None,None,ĞŸÑƒĞ±Ğ»Ğ¸Ñ‡Ğ½Ğ°Ñ Ğ»Ğ¸Ñ‡Ğ½Ğ¾ÑÑ‚ÑŒ,False,False,ariiscasper_,None,3
ğŸ’€ğŸ®ğŸ® Ğ“ÑƒÑ€Ğ±Ğ°Ğ½Ğ¾Ğ² ğŸ®ğŸ®ğŸ’€,2642,5432,##QÃ¹rbanÃ¸v## #PUBG MOBILE#,0,False,None,None,None,True,False,qurbanov_fexri_,None,299
@yayacutte,3001,1958,Y A Y A,4,True,Creators & Celebrities,None,None,False,False,yayaaaaaaaaw,None,6
à¸Šà¸­à¸šà¸¡à¸­à¸‡à¸—à¹‰à¸­à¸‡à¸Ÿà¹‰à¸² â™¡ï¸â™¥ï¸,622,1289,á´Éªss Êá´á´œ â–¼ãƒ»á´¥ãƒ»â–¼,1,False,None,None,ĞŸĞ»Ğ°Ğ½ĞµÑ‚Ğ°Ñ€Ğ¸Ğ¹,False,False,llookattheskyyy,None,51
,161,75,Kaim Kureshi,0,False,None,None,None,False,False,kaim_qureshi,None,22
"Nordhorn ğŸ˜ğŸ˜
Ho. Chille ğŸ˜²ğŸ˜˜
ALT 20âœŒâœŒ",325,6367,lolo samer,0,False,None,None,None,False,False,l_o_l_o_s_a_m_e_7,None,3
"Depok, Indonesia",3159,6612,Azhari,5,True,Creators & Celebrities,None,Ğ›Ğ¸Ñ‡Ğ½Ñ‹Ğ¹ Ğ±Ğ»Ğ¾Ğ³,False,False,azhariakbarr,None,39
,39,89,Ù‹,0,False,None,None,None,False,False,sewr_u,None,1
Top Website,366,0,Topwebsite.in,0,True,Creators & Celebrities,None,Ğ‘Ğ»Ğ¾Ğ³ĞµÑ€,False,False,topwebsite.in,None,0
,7,0,hcxc,0,False,None,None,None,False,False,mmmfaraji8080,None,0
,0,20,..,0,False,None,None,None,True,False,06_1r,None,0
"ğŸ˜˜KIÎ G Î˜f IÎ·stÎ±grÎ±â„³
â™”Î˜ffÎ¯cÎ¯Î±l Î”ccouÎ·t
ğŸ’ªI LÎ˜vÎµ FitÎ·ÎµsS
ğŸ‘”MÎµÎ·sÏ‰ÎµÎ±r
ğŸ˜ lifÎµ stylÎµ
Î”lÏ‰Î±yÎ§ uÎ·Î¯quÎ¾ Shoot
ğŸ“·â„³Î˜dÎµL
ğŸ˜SÎ¯Î·glÎµ
ğŸ’—Î™ Î—Î±tÎµ LÎ˜vÎµ
ğŸ’”FrÎ˜m Î™Î·dÎ¯Î±ğŸ‡®ğŸ‡³",831,196,Aman_ siddique ğŸ¤”ğŸ˜˜,0,False,None,None,None,True,False,aman_siddique_07,None,87
,73,1420,mina,0,False,None,None,None,True,False,mina.9889,None,3
,46,23,,0,False,None,None,None,True,False,_l_l_the.animus_l_l_,None,9
ğŸ“Malang,2601,234,Indah Audiard Palmer,0,False,None,None,None,True,False,indahpalmer,None,90
,21,5006,Rita patel1010,0,False,None,None,None,False,False,ti.3092,None,1
"â€â€ã…¤
â€â€â €â €â €â€ã…¤â €â €â €
â€â€ã…¤
â €â€( koke )
â€â€ã…¤â €â € â €     â € â Y.O:18 Ö† ğŸ’­
 â€""Ù…Ø§ ï»» ÙŠØ±ØªØ§Ø­ Ù„Ù‡ Ù‚Ù„Ø¨Ùƒ ï»» ØªØ«Ù‚ Ø¨Ù‡ Ø£Ø¨Ø¯Ø§Ù‹ØŒ ÙØ§Ù„Ù‚Ù„Ø¨ Ø£Ø¨ØµØ± Ù…Ù† Ø§Ù„Ø¹ÙŠÙ†"". ğŸŒ¸â‚",40,58,ØÙ€Ù€ï¯§Ù’Ù€Ù€Ú¼Ù€Ù€ÚªÙ€Ù€Ù… Ø¹ Ú›Ù€Ù€Ù¿Ù€Ù€ÛÚ”Û‘Ù’,0,False,None,None,None,False,False,koke_ero,None,1
,27,308,muskan pathan,0,False,None,None,None,True,False,musu_pathan,None,9
Ø²Ù†Ø¯Ú¯ÛŒ Ù…ÛŒÚ¯Ø²Ø±Ù‡ Ú† Ø¨Ø§ Ù…Ø´Ú©Ù„Ø§Øª Ú† Ø¨ÛŒ Ù…Ø´Ú©Ù„Ø§Øª Ù¾ Ø¨ ÙÚ©Ø± Ù…Ø´Ú©Ù„Ø§Øª Ù†Ø¨Ø§Ø´ÛŒÙ…  #fn  ÙÙ‚Ø· ØªÙ„Ú¯Ø±Ø§Ù… Ø¬ÙˆØ§Ø¨ Ù…ÛŒØ¯Ù…ğŸ˜¶,4538,4046,reyhane perspolisiâ¤ğŸ’„ğŸ’‹,0,True,Personal Goods & General Merchandise Stores,None,Ğ¢Ğ¾Ğ²Ğ°Ñ€/ÑƒÑĞ»ÑƒĞ³Ğ°,False,False,reyhaneh_7973,None,8
,308,647,rreewwqq,0,False,None,None,None,False,False,ejhtdkk,None,6
"ğ“„…  MBBS STUDENT .VIDHRBHA/CHINA ğŸ“
CONGRATULATIONS , FINALLY YOU FOUND ME !!!
LWT ğŸ’¯",2326,1511,ï¼¯ï¼­  ï¼¡ï¼®ï¼ªï¼¡ï¼¬ï¼©  ï¼¤ï¼¥ï¼³ï¼¨ï¼­ï¼µï¼«ï¼¨,12,False,None,None,ĞŸÑƒĞ±Ğ»Ğ¸Ñ‡Ğ½Ğ°Ñ Ğ»Ğ¸Ñ‡Ğ½Ğ¾ÑÑ‚ÑŒ,False,False,om.deshmukhh,None,6
"BlessedğŸ˜‡
2nd Act @idishant6",3,4033,Bahman,0,False,None,None,None,True,False,dishant_sharma_,None,1
,244,1620,A.B Gamer,0,False,None,None,None,False,False,bikibikram9913,None,12
,32,3,GiuseppGiuseppe,0,False,None,None,None,False,False,giudeppe_aldn,None,0
"â—¼ ğ“‘ğ“­ğ“´_ğ“Ÿğ“»ğ“¸ğ“³ğ“®ğ“¬ğ“½
â—¼
â—¼",88,105,åŒš å„ å‚ å°º ã„¥ ä¸¨,1,True,Creators & Celebrities,None,Ğ›Ğ¸Ñ‡Ğ½Ñ‹Ğ¹ Ğ±Ğ»Ğ¾Ğ³,False,False,_charli17,None,8
"Hy guy's ğŸ˜˜
Support me ğŸ˜
Lv u guys",66,4017,Papuni5647,0,False,None,None,None,False,False,papuni5647,None,29
,37,0,jstocazzo,0,False,None,None,None,False,False,jstocazzo,None,0
,1233,1016,Meenu Singh,0,False,None,None,None,False,False,meenu_nag,None,4
You miss %100 of the shots you don't  take...Take the risk or loss a chance.Experience(Expert) Account manager on crypto and forex trading investment,24569,3751,Frank Oscar,4,False,None,None,None,False,False,frank.oscar114,None,36
"CingllifeğŸ’«
ØªÙˆØªÙ†Ù‡Ø§ÙŠÙŠ ÙƒÙ… Ù†ÙŠØ§Ø±ÙŠ Ù‡Ù†Ø± ÙƒØ±Ø¯ÙŠğŸ–¤
IR.tabriz",79153,6743,ğŸ–¤,42,False,None,None,Ğ¤Ğ¾Ñ‚Ğ¾Ğ³Ñ€Ğ°Ñ„,False,False,1xasaw,None,34
,1,1,Jisha809,0,False,None,None,None,False,False,jisha809,None,0
"MOMâ¤
ğŸ“¸L E T 'S-W A L K-ON-D R E A M S
   ğŸ’«ğŸBe Savage Not AverageğŸ’«ğŸ
            ğŸ–•Fuck Your OpinionğŸ–•
ğŸ’«Every star deserves a chance to shineğŸ’«",280,2829,ğŸ‘‘ ã€ŠRDã€‹ ğŸ‘‘,0,False,None,None,None,False,False,rohit_dhavale_9628,None,0
"ANSHUâ™¥ï¸
Wish me on 13 November ğŸ‘‘|| InfluEncer || CuTe boy|| ArMy
FootbAller || R*T*KA...",441,178,Anshu Singh,5,False,None,None,None,False,False,anshusingh73854,None,19
,36,0,musge,0,False,None,None,None,False,False,mustafaammar000,None,0
,49,427,wallpaper,0,False,None,None,None,False,False,wallpaper12212,None,9
